Name,LastName,Age,Document,City,Country,Language
Terán e Hijos,,43,984298494,Cornellá de Llobregat,Malawi,Coreano
Tejada Hermanos,,60,939199041,San Fernando,Camerún,Alemán
Cepeda S.L.,,45,963374673,Orense,Alemania,Japonés
Carrion, Quiroz y Bravo Asociados,,24,974917065,Alcobendas,Bután,Japonés
Casanova Hermanos,,17,933333671,Calahorra,Portugal,Indonesio
Carla,Soto,56,168360616,Segovia,Tunez,Mandarin
José Luis,Grijalva,24,532625612,La Línea de la Concepción,Cuba,Alemán
Mario,Tejeda,20,176980306,Pamplona,Egipto,Árabe
José Luis,Muñoz,51,335846997,Benidorm,Jordania,Italiano
Mateo,Ozuna,13,11283184,Calahorra,Macao,Mandarin
Patricia,Longoria,26,613486817,Torremolinos,España,Indonesio
Urrutia Benítez e Hijos,,12,980154371,Córdoba,Kiribati,Indonesio
María José,Barrientos,17,11423266,Pozuelo de Alarcón,Estonia,Mandarin
Salvador,Garza,53,156602479,Santa Coloma de Gramanet,Burkina Faso,Japonés
Rafael,Orosco,62,606330331,Elda,Senegal,Alemán
Calvillo, Jaime y Cruz Asociados,,69,994063102,Hospitalet de LLobregat,Egipto,Coreano
Roberto,Maestas,45,798644997,Viladecans,Senegal,Italiano
Puga e Hijos,,39,963632125,Calahorra,Estados Unidos de América,Italiano
Rodríquez e Hijos,,13,985868059,Tarrasa,Barbados,Coreano
Villagómez Fierro Hermanos,,36,942780497,Chiclana de la Frontera,Granada,Ruso
Rodarte y Casas,,56,920156978,Alicante,Letonia,Francés
Tejada Medrano Hermanos,,74,981408150,Chiclana de la Frontera,Taiwan,Coreano
Cepeda, Carranza y Chacón Asociados,,63,974725274,Burgos,Eslovaquia,Indonesio
María Elena,Jáquez,50,107792185,Ferrol,Alemania,Coreano
Benjamín,Domínquez,35,535513568,Jaén,Cuba,Checo
Clemente,Jáquez,52,349252143,Manresa,Bielorusia,Checo
Gerardo,Chavarría,28,434351419,Cerdañola del Vallés,India,Checo
Nicolás,Duran,21,690747491,Sagunto,Eritrea,Francés
Catalina,Valentín,16,11669789,Pontevedra,Georgia,Japonés
Castro y Vargas,,30,990932845,Lugo,Mauritania,Inglés
Amalia,Barrera,20,235017912,La Línea de la Concepción,España,Checo
Corral Zambrano S.A.,,35,968767639,Alcorcón,Arabia Saudí,Alemán
Nicolás,Centeno,32,894646741,Telde,Congo,Italiano
Bernardo,Sepúlveda,24,462096169,Alcoy,España,Italiano
Norma,Cuellar,53,185941334,Burgos,España,Francés
Patricia,Ruiz,21,574281831,León,Poland,Japonés
Puente y Melgar,,16,983299608,Parla,Argentina,Mandarin
Barela, Canales y Tamez Asociados,,67,937922726,Valladolid,Nueva Zelanda,Checo
Raquel,Tejeda,54,832149150,Lérida,Nigeria,Checo
Montaño Monroy S.A.,,44,975550052,El Ejido,Sudán,Italiano
Porras Laureano S.L.,,58,993731952,Benalmádena,Sierra Leona,Japonés
José Luis,Mares,25,436073240,Pontevedra,Macedonia,Portugués
Valdez Hermanos,,66,917249302,Valladolid,Poland,Alemán
Gamboa y Espinal,,31,992799464,Avilés,Sudán,Indonesio
Eduardo,Sepúlveda,13,11825240,Cádiz,Andorra,Japonés
Francisca,Guajardo,68,217421639,Coslada,Ghana,Alemán
Irene,Águilar,72,829945297,Lorca,Angola,Ruso
Caridad,Uribe,56,562864631,Pozuelo de Alarcón,Grecia,Japonés
Aragón, Vallejo y Quiroz Asociados,,18,963230016,Palencia,Guinea,Inglés
Molina Naranjo S.L.,,67,946398131,Cornellá de Llobregat,Liberia,Indonesio
Caraballo y Gallegos,,73,933772209,Mijas,Samoa,Indonesio
Apodaca, Rascón y Vargas Asociados,,60,945584813,Oviedo,Nauru,Italiano
Mario,Pedraza,21,785427501,Mijas,Papúa Nueva Guinea,Inglés
Elvira,Cavazos,66,819361915,Getafe,Tonga,Japonés
Curiel Loera S.L.,,67,965724827,Dos Hermanas,Letonia,Italiano
Antonia,Valdez,70,117271700,Talavera de la Reina,Andorra,Inglés
Fernández, Leal y Nieves Asociados,,36,942565301,Lugo,Malta,Italiano
Fierro y Candelaria,,25,956231372,Cuenta,Islas Caimán,Portugués
Quiñónez Rael S.L.,,29,936898014,Santa Coloma de Gramanet,República Dominicana,Inglés
Medina Mayorga S.A.,,17,939901986,San Sebastián,Dominica,Mandarin
Patricio,Montes,73,433549162,Manresa,Islas Faro,Coreano
Martínez Madera S.L.,,74,913399271,Pontevedra,India,Ruso
Vázquez Hermanos,,14,970210146,Guadalajara,Nueva Zelanda,Checo
Rosa,Hurtado,59,280787900,Hospitalet de LLobregat,Taiwan,Italiano
Tovar Delgado S.A.,,11,933593200,Majadahonda,Méjico,Árabe
Carlota,Chávez,32,595017198,Chiclana de la Frontera,Aruba,Italiano
Esquibel Coronado Hermanos,,65,999410833,Cádiz,Macedonia,Portugués
Mateo,Galván,18,362883504,Zamora,Kuwait,Indonesio
Espino Maldonado S.A.,,32,999733413,Gijón,Portugal,Mandarin
Reina,Lozano,64,172081178,Madrid,Croacia,Italiano
Menéndez Hermanos,,59,979629866,Ávila,Botswana,Coreano
Sisneros y Verdugo,,64,963784337,Cádiz,Eritrea,Japonés
Colunga y Urías,,47,982476468,Murcia,Ruanda,Portugués
María José,Roque,63,778890288,Valencia,Islandia,Japonés
Ozuna, Velasco y Manzanares Asociados,,20,986618174,Mérida,Irlanda,Indonesio
Alonzo S.L.,,33,913812992,Valencia,Zimbabwe,Checo
Jurado y Tello,,74,933927235,El Prat de LLobregat,Pakistan,Italiano
Vela, Galván y Becerra Asociados,,69,972118586,Ponferrada,Uruguay,Inglés
Marilu,Benavídez,60,912823661,Avilés,Croacia,Indonesio
María del Carmen,Córdova,55,882173989,Talavera de la Reina,Guinea-Bisau,Italiano
Esperanza,Menéndez,29,492827106,Lugo,Isla de Navidad,Árabe
González e Hijos,,48,942062269,Castellón de la Plana,Madagascar,Alemán
Mireles Hermanos,,32,928614415,León,Suecia,Japonés
Montañez S.A.,,79,976602913,Guadalajara,Madagascar,Ruso
Pabón Villalpando S.A.,,60,913403600,Madrid,Hungria,Coreano
César,Soria,52,517266266,Tarrasa,Guadalupe,Japonés
Grijalva, Zapata y Villagómez Asociados,,72,982618039,Getafe,Mongolia,Inglés
Berta,Abrego,78,772903251,Benalmádena,Macedonia,Portugués
Villareal y Pabón,,17,995120899,Torrelavega,Afganistán,Indonesio
Alicia,Garica,72,735474929,Cádiz,Afganistán,Inglés
Benjamín,Gálvez,59,513333616,Zaragoza,Martinica,Alemán
Luevano, López y Viera Asociados,,69,979783270,Vitoria,Haiti,Alemán
Gustavo,Cervántez,13,11446289,La Línea de la Concepción,Mozambique,Coreano
Reina,Atencio,77,922932830,Málaga,Lituania,Coreano
Dorotea,Vigil,37,985613833,Jerez de la Frontera,Lituania,Italiano
Magdalena,Oquendo,76,909765256,Mataró,Camerún,Francés
Esteban,Saucedo,29,418169882,Santa Lucía de Tirajana,Méjico,Checo
Niño S.A.,,29,949759887,Torrevieja,Corea,Italiano
Figueroa Sevilla Hermanos,,18,991389860,Arrecife,Uzbekistan,Indonesio
Lucia,Guajardo,36,798316805,Valladolid,Mongolia,Checo
